Offshore,154.8043
Onshore,81.70845
PV,42.25662
river,143.9091399
lake,110.2334321
biogas,0
gas,33.7653486
PHS,24.69377184
Battery,14.88756513
methanation,0
nuclear,306.965282
